path,mtime_ns,size
external/financial-sentiment-analysis-spring-2026/data/kaggle/stocktwits-2020-2022-raw/StockTwits_2020_2022_Raw/AAPL_2020_2022/AAPL_188952625_188597609.csv,1776955142747241622,4901175
external/financial-sentiment-analysis-spring-2026/data/kaggle/stocktwits-2020-2022-raw/StockTwits_2020_2022_Raw/AAPL_2020_2022/AAPL_190836202_188952805.csv,1776955142775105033,16668215
external/financial-sentiment-analysis-spring-2026/data/kaggle/stocktwits-2020-2022-raw/StockTwits_2020_2022_Raw/AAPL_2020_2022/AAPL_192859201_190836221.csv,1776955142807620583,20412221
external/financial-sentiment-analysis-spring-2026/data/kaggle/stocktwits-2020-2022-raw/StockTwits_2020_2022_Raw/AAPL_2020_2022/AAPL_196002224_192859215.csv,1776955142842109429,21302320
external/financial-sentiment-analysis-spring-2026/data/kaggle/stocktwits-2020-2022-raw/StockTwits_2020_2022_Raw/AAPL_2020_2022/AAPL_198442481_196002226.csv,1776955142876772735,21436183
external/financial-sentiment-analysis-spring-2026/data/kaggle/stocktwits-2020-2022-raw/StockTwits_2020_2022_Raw/AAPL_2020_2022/AAPL_200791304_198442730.csv,1776955143019287508,22108304
external/financial-sentiment-analysis-spring-2026/data/kaggle/stocktwits-2020-2022-raw/StockTwits_2020_2022_Raw/AAPL_2020_2022/AAPL_203538165_200791893.csv,1776955143063162923,22184102
external/financial-sentiment-analysis-spring-2026/data/kaggle/stocktwits-2020-2022-raw/StockTwits_2020_2022_Raw/AAPL_2020_2022/AAPL_207639632_203538435.csv,1776955143106345918,22678354
external/financial-sentiment-analysis-spring-2026/data/kaggle/stocktwits-2020-2022-raw/StockTwits_2020_2022_Raw/AAPL_2020_2022/AAPL_211809709_207639696.csv,1776955143150839084,21269214
external/financial-sentiment-analysis-spring-2026/data/kaggle/stocktwits-2020-2022-raw/StockTwits_2020_2022_Raw/AAPL_2020_2022/AAPL_218339231_211809753.csv,1776955143192641827,22353210
external/financial-sentiment-analysis-spring-2026/data/kaggle/stocktwits-2020-2022-raw/StockTwits_2020_2022_Raw/AAPL_2020_2022/AAPL_222665376_218339728.csv,1776955143230411890,20780302
external/financial-sentiment-analysis-spring-2026/data/kaggle/stocktwits-2020-2022-raw/StockTwits_2020_2022_Raw/AAPL_2020_2022/AAPL_229815051_222665481.csv,1776955143268088079,22226766
external/financial-sentiment-analysis-spring-2026/data/kaggle/stocktwits-2020-2022-raw/StockTwits_2020_2022_Raw/AAPL_2020_2022/AAPL_232938232_229815943.csv,1776955143305764434,20279764
external/financial-sentiment-analysis-spring-2026/data/kaggle/stocktwits-2020-2022-raw/StockTwits_2020_2022_Raw/AAPL_2020_2022/AAPL_235782537_232938296.csv,1776955143339988738,19158179
external/financial-sentiment-analysis-spring-2026/data/kaggle/stocktwits-2020-2022-raw/StockTwits_2020_2022_Raw/AAPL_2020_2022/AAPL_238337880_235782648.csv,1776955143376924300,19279611
external/financial-sentiment-analysis-spring-2026/data/kaggle/stocktwits-2020-2022-raw/StockTwits_2020_2022_Raw/AAPL_2020_2022/AAPL_239585875_238337892.csv,1776955143411119521,18770407
external/financial-sentiment-analysis-spring-2026/data/kaggle/stocktwits-2020-2022-raw/StockTwits_2020_2022_Raw/AAPL_2020_2022/AAPL_240878467_239585991.csv,1776955143445202741,18839717
external/financial-sentiment-analysis-spring-2026/data/kaggle/stocktwits-2020-2022-raw/StockTwits_2020_2022_Raw/AAPL_2020_2022/AAPL_241881407_240878753.csv,1776955143492739457,18154125
external/financial-sentiment-analysis-spring-2026/data/kaggle/stocktwits-2020-2022-raw/StockTwits_2020_2022_Raw/AAPL_2020_2022/AAPL_242970900_241881409.csv,1776955143551093495,18804588
external/financial-sentiment-analysis-spring-2026/data/kaggle/stocktwits-2020-2022-raw/StockTwits_2020_2022_Raw/AAPL_2020_2022/AAPL_243963580_242970946.csv,1776955143586385136,17781188
external/financial-sentiment-analysis-spring-2026/data/kaggle/stocktwits-2020-2022-raw/StockTwits_2020_2022_Raw/AAPL_2020_2022/AAPL_245117154_243963603.csv,1776955143620947441,18348211
external/financial-sentiment-analysis-spring-2026/data/kaggle/stocktwits-2020-2022-raw/StockTwits_2020_2022_Raw/AAPL_2020_2022/AAPL_246686279_245117169.csv,1776955143653665824,18577730
external/financial-sentiment-analysis-spring-2026/data/kaggle/stocktwits-2020-2022-raw/StockTwits_2020_2022_Raw/AAPL_2020_2022/AAPL_248787085_246686308.csv,1776955143683415282,19289037
external/financial-sentiment-analysis-spring-2026/data/kaggle/stocktwits-2020-2022-raw/StockTwits_2020_2022_Raw/AAPL_2020_2022/AAPL_249999244_248787177.csv,1776955143717102126,17979642
external/financial-sentiment-analysis-spring-2026/data/kaggle/stocktwits-2020-2022-raw/StockTwits_2020_2022_Raw/AAPL_2020_2022/AAPL_251586969_249999247.csv,1776955143753435186,18881328
external/financial-sentiment-analysis-spring-2026/data/kaggle/stocktwits-2020-2022-raw/StockTwits_2020_2022_Raw/AAPL_2020_2022/AAPL_253421437_251587102.csv,1776955143783864438,18605028
external/financial-sentiment-analysis-spring-2026/data/kaggle/stocktwits-2020-2022-raw/StockTwits_2020_2022_Raw/AAPL_2020_2022/AAPL_255669781_253421445.csv,1776955143823632091,20444509
external/financial-sentiment-analysis-spring-2026/data/kaggle/stocktwits-2020-2022-raw/StockTwits_2020_2022_Raw/AAPL_2020_2022/AAPL_259718002_255669976.csv,1776955143867526839,19625815
external/financial-sentiment-analysis-spring-2026/data/kaggle/stocktwits-2020-2022-raw/StockTwits_2020_2022_Raw/AAPL_2020_2022/AAPL_264350906_259718042.csv,1776955143912213172,19939977
external/financial-sentiment-analysis-spring-2026/data/kaggle/stocktwits-2020-2022-raw/StockTwits_2020_2022_Raw/AAPL_2020_2022/AAPL_267515407_264350984.csv,1776955143954028331,20206361
external/financial-sentiment-analysis-spring-2026/data/kaggle/stocktwits-2020-2022-raw/StockTwits_2020_2022_Raw/AAPL_2020_2022/AAPL_271474012_267515687.csv,1776955143992080895,19916527
external/financial-sentiment-analysis-spring-2026/data/kaggle/stocktwits-2020-2022-raw/StockTwits_2020_2022_Raw/AAPL_2020_2022/AAPL_275870258_271474101.csv,1776955144034202430,20571392
external/financial-sentiment-analysis-spring-2026/data/kaggle/stocktwits-2020-2022-raw/StockTwits_2020_2022_Raw/AAPL_2020_2022/AAPL_278823438_275870527.csv,1776955144073034413,18450131
external/financial-sentiment-analysis-spring-2026/data/kaggle/stocktwits-2020-2022-raw/StockTwits_2020_2022_Raw/AAPL_2020_2022/AAPL_283494923_278823491.csv,1776955144112313857,19086630
external/financial-sentiment-analysis-spring-2026/data/kaggle/stocktwits-2020-2022-raw/StockTwits_2020_2022_Raw/AAPL_2020_2022/AAPL_290157656_283494962.csv,1776955144153978598,20113099
external/financial-sentiment-analysis-spring-2026/data/kaggle/stocktwits-2020-2022-raw/StockTwits_2020_2022_Raw/AAPL_2020_2022/AAPL_294675929_290157817.csv,1776955144193072916,18384053
external/financial-sentiment-analysis-spring-2026/data/kaggle/stocktwits-2020-2022-raw/StockTwits_2020_2022_Raw/AAPL_2020_2022/AAPL_299386255_294676182.csv,1776955144295202076,19439293
external/financial-sentiment-analysis-spring-2026/data/kaggle/stocktwits-2020-2022-raw/StockTwits_2020_2022_Raw/AAPL_2020_2022/AAPL_303420004_299387169.csv,1776955144333930893,19886869
external/financial-sentiment-analysis-spring-2026/data/kaggle/stocktwits-2020-2022-raw/StockTwits_2020_2022_Raw/AAPL_2020_2022/AAPL_308770303_303420446.csv,1776955144383590407,20841728
external/financial-sentiment-analysis-spring-2026/data/kaggle/stocktwits-2020-2022-raw/StockTwits_2020_2022_Raw/AAPL_2020_2022/AAPL_313960425_308770450.csv,1776955144424635313,20075787
external/financial-sentiment-analysis-spring-2026/data/kaggle/stocktwits-2020-2022-raw/StockTwits_2020_2022_Raw/AAPL_2020_2022/AAPL_320355525_313960490.csv,1776955144472549572,19361103
external/financial-sentiment-analysis-spring-2026/data/kaggle/stocktwits-2020-2022-raw/StockTwits_2020_2022_Raw/AAPL_2020_2022/AAPL_323593718_320355706.csv,1776955144546777821,18304226
external/financial-sentiment-analysis-spring-2026/data/kaggle/stocktwits-2020-2022-raw/StockTwits_2020_2022_Raw/AAPL_2020_2022/AAPL_332309966_323595408.csv,1776955144585379012,20268428
external/financial-sentiment-analysis-spring-2026/data/kaggle/stocktwits-2020-2022-raw/StockTwits_2020_2022_Raw/AAPL_2020_2022/AAPL_340850086_332310080.csv,1776955144625176707,20297938
external/financial-sentiment-analysis-spring-2026/data/kaggle/stocktwits-2020-2022-raw/StockTwits_2020_2022_Raw/AAPL_2020_2022/AAPL_347466553_340850181.csv,1776955144661580975,19348250
external/financial-sentiment-analysis-spring-2026/data/kaggle/stocktwits-2020-2022-raw/StockTwits_2020_2022_Raw/AAPL_2020_2022/AAPL_354028351_347466738.csv,1776955144699181872,20267024
external/financial-sentiment-analysis-spring-2026/data/kaggle/stocktwits-2020-2022-raw/StockTwits_2020_2022_Raw/AAPL_2020_2022/AAPL_358444123_354028713.csv,1776955144733609177,19138876
external/financial-sentiment-analysis-spring-2026/data/kaggle/stocktwits-2020-2022-raw/StockTwits_2020_2022_Raw/AAPL_2020_2022/AAPL_363284242_358444400.csv,1776955144780514183,19762256
external/financial-sentiment-analysis-spring-2026/data/kaggle/stocktwits-2020-2022-raw/StockTwits_2020_2022_Raw/AAPL_2020_2022/AAPL_370703860_363285707.csv,1776955144822595467,20131720
external/financial-sentiment-analysis-spring-2026/data/kaggle/stocktwits-2020-2022-raw/StockTwits_2020_2022_Raw/AAPL_2020_2022/AAPL_376926589_370704212.csv,1776955144865820380,20491060
external/financial-sentiment-analysis-spring-2026/data/kaggle/stocktwits-2020-2022-raw/StockTwits_2020_2022_Raw/AAPL_2020_2022/AAPL_380973535_376926923.csv,1776955144912544135,19048861
external/financial-sentiment-analysis-spring-2026/data/kaggle/stocktwits-2020-2022-raw/StockTwits_2020_2022_Raw/AAPL_2020_2022/AAPL_387514318_380973569.csv,1776955144949634155,20315460
external/financial-sentiment-analysis-spring-2026/data/kaggle/stocktwits-2020-2022-raw/StockTwits_2020_2022_Raw/AAPL_2020_2022/AAPL_395599465_387514320.csv,1776955144991690440,20788905
external/financial-sentiment-analysis-spring-2026/data/kaggle/stocktwits-2020-2022-raw/StockTwits_2020_2022_Raw/AAPL_2020_2022/AAPL_403612331_395600693.csv,1776955145025977619,20210417
external/financial-sentiment-analysis-spring-2026/data/kaggle/stocktwits-2020-2022-raw/StockTwits_2020_2022_Raw/AAPL_2020_2022/AAPL_410322033_403612626.csv,1776955145062177095,19633618
external/financial-sentiment-analysis-spring-2026/data/kaggle/stocktwits-2020-2022-raw/StockTwits_2020_2022_Raw/AAPL_2020_2022/AAPL_414715991_410322646.csv,1776955145098534905,19174891
external/financial-sentiment-analysis-spring-2026/data/kaggle/stocktwits-2020-2022-raw/StockTwits_2020_2022_Raw/AAPL_2020_2022/AAPL_416686710_414716012.csv,1776955145137074179,18187919
external/financial-sentiment-analysis-spring-2026/data/kaggle/stocktwits-2020-2022-raw/StockTwits_2020_2022_Raw/AAPL_2020_2022/AAPL_420783031_416686858.csv,1776955145173858074,19094475
external/financial-sentiment-analysis-spring-2026/data/kaggle/stocktwits-2020-2022-raw/StockTwits_2020_2022_Raw/AAPL_2020_2022/AAPL_426433120_420783294.csv,1776955145212014056,19800609
external/financial-sentiment-analysis-spring-2026/data/kaggle/stocktwits-2020-2022-raw/StockTwits_2020_2022_Raw/AAPL_2020_2022/AAPL_431134337_426433137.csv,1776955145258103559,19694986
external/financial-sentiment-analysis-spring-2026/data/kaggle/stocktwits-2020-2022-raw/StockTwits_2020_2022_Raw/AAPL_2020_2022/AAPL_433482087_431134350.csv,1776955145293001740,18663627
external/financial-sentiment-analysis-spring-2026/data/kaggle/stocktwits-2020-2022-raw/StockTwits_2020_2022_Raw/AAPL_2020_2022/AAPL_439710724_433482129.csv,1776955145329980635,21570644
external/financial-sentiment-analysis-spring-2026/data/kaggle/stocktwits-2020-2022-raw/StockTwits_2020_2022_Raw/AMZN2019-2022/AMZN_20220305_142538.csv,1776955145351198320,8739794
external/financial-sentiment-analysis-spring-2026/data/kaggle/stocktwits-2020-2022-raw/StockTwits_2020_2022_Raw/AMZN2019-2022/AMZN_20220305_143951.csv,1776955145369158245,8537965
external/financial-sentiment-analysis-spring-2026/data/kaggle/stocktwits-2020-2022-raw/StockTwits_2020_2022_Raw/AMZN2019-2022/AMZN_20220305_145442.csv,1776955145380535651,7397357
external/financial-sentiment-analysis-spring-2026/data/kaggle/stocktwits-2020-2022-raw/StockTwits_2020_2022_Raw/AMZN2019-2022/AMZN_20220305_150923.csv,1776955145393777897,6552274
external/financial-sentiment-analysis-spring-2026/data/kaggle/stocktwits-2020-2022-raw/StockTwits_2020_2022_Raw/AMZN2019-2022/AMZN_20220305_152331.csv,1776955145405447096,6909415
external/financial-sentiment-analysis-spring-2026/data/kaggle/stocktwits-2020-2022-raw/StockTwits_2020_2022_Raw/AMZN2019-2022/AMZN_20220305_153752.csv,1776955145418496341,7803703
external/financial-sentiment-analysis-spring-2026/data/kaggle/stocktwits-2020-2022-raw/StockTwits_2020_2022_Raw/AMZN2019-2022/AMZN_20220305_155223.csv,1776955145433232132,7259097
external/financial-sentiment-analysis-spring-2026/data/kaggle/stocktwits-2020-2022-raw/StockTwits_2020_2022_Raw/AMZN2019-2022/AMZN_20220305_160706.csv,1776955145449112801,7988937
external/financial-sentiment-analysis-spring-2026/data/kaggle/stocktwits-2020-2022-raw/StockTwits_2020_2022_Raw/AMZN2019-2022/AMZN_20220305_162204.csv,1776955145460550625,7312418
external/financial-sentiment-analysis-spring-2026/data/kaggle/stocktwits-2020-2022-raw/StockTwits_2020_2022_Raw/AMZN2019-2022/AMZN_20220305_163645.csv,1776955145474429164,8089565
external/financial-sentiment-analysis-spring-2026/data/kaggle/stocktwits-2020-2022-raw/StockTwits_2020_2022_Raw/AMZN2019-2022/AMZN_20220305_165148.csv,1776955145488321161,8168920
external/financial-sentiment-analysis-spring-2026/data/kaggle/stocktwits-2020-2022-raw/StockTwits_2020_2022_Raw/AMZN2019-2022/AMZN_20220305_170645.csv,1776955145502839993,8062523
external/financial-sentiment-analysis-spring-2026/data/kaggle/stocktwits-2020-2022-raw/StockTwits_2020_2022_Raw/AMZN2019-2022/AMZN_20220305_172146.csv,1776955145517653243,7868260
external/financial-sentiment-analysis-spring-2026/data/kaggle/stocktwits-2020-2022-raw/StockTwits_2020_2022_Raw/AMZN2019-2022/AMZN_20220305_173644.csv,1776955145530166570,8041802
external/financial-sentiment-analysis-spring-2026/data/kaggle/stocktwits-2020-2022-raw/StockTwits_2020_2022_Raw/AMZN2019-2022/AMZN_20220305_175141.csv,1776955145540067722,7198574
external/financial-sentiment-analysis-spring-2026/data/kaggle/stocktwits-2020-2022-raw/StockTwits_2020_2022_Raw/AMZN2019-2022/AMZN_20220305_180617.csv,1776955145550679002,7858088
external/financial-sentiment-analysis-spring-2026/data/kaggle/stocktwits-2020-2022-raw/StockTwits_2020_2022_Raw/AMZN2019-2022/AMZN_20220305_182109.csv,1776955145563552954,7947052
external/financial-sentiment-analysis-spring-2026/data/kaggle/stocktwits-2020-2022-raw/StockTwits_2020_2022_Raw/AMZN2019-2022/AMZN_20220305_183551.csv,1776955145575454238,7851081
external/financial-sentiment-analysis-spring-2026/data/kaggle/stocktwits-2020-2022-raw/StockTwits_2020_2022_Raw/AMZN2019-2022/AMZN_20220305_185100.csv,1776955145599213846,8358779
external/financial-sentiment-analysis-spring-2026/data/kaggle/stocktwits-2020-2022-raw/StockTwits_2020_2022_Raw/AMZN2019-2022/AMZN_20220305_190610.csv,1776955145612974051,8376145
external/financial-sentiment-analysis-spring-2026/data/kaggle/stocktwits-2020-2022-raw/StockTwits_2020_2022_Raw/AMZN2019-2022/AMZN_20220305_192114.csv,1776955145625626378,7879978
external/financial-sentiment-analysis-spring-2026/data/kaggle/stocktwits-2020-2022-raw/StockTwits_2020_2022_Raw/AMZN2019-2022/AMZN_20220305_193607.csv,1776955145637381911,7654251
external/financial-sentiment-analysis-spring-2026/data/kaggle/stocktwits-2020-2022-raw/StockTwits_2020_2022_Raw/AMZN2019-2022/AMZN_20220305_195113.csv,1776955145649805195,8149536
external/financial-sentiment-analysis-spring-2026/data/kaggle/stocktwits-2020-2022-raw/StockTwits_2020_2022_Raw/AMZN2019-2022/AMZN_20220305_200614.csv,1776955145661693604,6867212
external/financial-sentiment-analysis-spring-2026/data/kaggle/stocktwits-2020-2022-raw/StockTwits_2020_2022_Raw/AMZN2019-2022/AMZN_20220305_202038.csv,1776955145685912755,8657394
external/financial-sentiment-analysis-spring-2026/data/kaggle/stocktwits-2020-2022-raw/StockTwits_2020_2022_Raw/AMZN2019-2022/AMZN_20220305_203557.csv,1776955145696514534,8311962
external/financial-sentiment-analysis-spring-2026/data/kaggle/stocktwits-2020-2022-raw/StockTwits_2020_2022_Raw/AMZN2019-2022/AMZN_20220305_205103.csv,1776955145708924236,8211989
external/financial-sentiment-analysis-spring-2026/data/kaggle/stocktwits-2020-2022-raw/StockTwits_2020_2022_Raw/AMZN2019-2022/AMZN_20220305_210624.csv,1776955145726708285,8859130
external/financial-sentiment-analysis-spring-2026/data/kaggle/stocktwits-2020-2022-raw/StockTwits_2020_2022_Raw/AMZN2019-2022/AMZN_20220305_212204.csv,1776955145741623202,8909804
external/financial-sentiment-analysis-spring-2026/data/kaggle/stocktwits-2020-2022-raw/StockTwits_2020_2022_Raw/AMZN2019-2022/AMZN_20220305_213729.csv,1776955145756314701,8390009
external/financial-sentiment-analysis-spring-2026/data/kaggle/stocktwits-2020-2022-raw/StockTwits_2020_2022_Raw/AMZN2019-2022/AMZN_20220306_085606.csv,1776955145770329407,8687024
external/financial-sentiment-analysis-spring-2026/data/kaggle/stocktwits-2020-2022-raw/StockTwits_2020_2022_Raw/AMZN2019-2022/AMZN_20220306_091223.csv,1776955145780921812,7945196
external/financial-sentiment-analysis-spring-2026/data/kaggle/stocktwits-2020-2022-raw/StockTwits_2020_2022_Raw/AMZN2019-2022/AMZN_20220306_092744.csv,1776955145812334025,7857787
external/financial-sentiment-analysis-spring-2026/data/kaggle/stocktwits-2020-2022-raw/StockTwits_2020_2022_Raw/AMZN2019-2022/AMZN_20220306_094341.csv,1776955145836032216,8569220
external/financial-sentiment-analysis-spring-2026/data/kaggle/stocktwits-2020-2022-raw/StockTwits_2020_2022_Raw/AMZN2019-2022/AMZN_20220306_095857.csv,1776955145907210998,8912821
external/financial-sentiment-analysis-spring-2026/data/kaggle/stocktwits-2020-2022-raw/StockTwits_2020_2022_Raw/AMZN2019-2022/AMZN_20220306_101436.csv,1776955145938127043,8864866
external/financial-sentiment-analysis-spring-2026/data/kaggle/stocktwits-2020-2022-raw/StockTwits_2020_2022_Raw/AMZN2019-2022/AMZN_20220306_102949.csv,1776955145969726923,8512511
external/financial-sentiment-analysis-spring-2026/data/kaggle/stocktwits-2020-2022-raw/StockTwits_2020_2022_Raw/AMZN2019-2022/AMZN_20220306_104458.csv,1776955145980857537,8093644
external/financial-sentiment-analysis-spring-2026/data/kaggle/stocktwits-2020-2022-raw/StockTwits_2020_2022_Raw/AMZN2019-2022/AMZN_20220306_110017.csv,1776955146003849518,8700989
external/financial-sentiment-analysis-spring-2026/data/kaggle/stocktwits-2020-2022-raw/StockTwits_2020_2022_Raw/AMZN2019-2022/AMZN_20220306_111559.csv,1776955146015550134,8230155
external/financial-sentiment-analysis-spring-2026/data/kaggle/stocktwits-2020-2022-raw/StockTwits_2020_2022_Raw/AMZN2019-2022/AMZN_20220306_113109.csv,1776955146028485045,7777301
external/financial-sentiment-analysis-spring-2026/data/kaggle/stocktwits-2020-2022-raw/StockTwits_2020_2022_Raw/AMZN2019-2022/AMZN_20220306_114624.csv,1776955146129919204,8323679
external/financial-sentiment-analysis-spring-2026/data/kaggle/stocktwits-2020-2022-raw/StockTwits_2020_2022_Raw/AMZN2019-2022/AMZN_20220306_120130.csv,1776955146153059727,8559867
external/financial-sentiment-analysis-spring-2026/data/kaggle/stocktwits-2020-2022-raw/StockTwits_2020_2022_Raw/AMZN2019-2022/AMZN_20220306_121633.csv,1776955146172860407,8561932
external/financial-sentiment-analysis-spring-2026/data/kaggle/stocktwits-2020-2022-raw/StockTwits_2020_2022_Raw/AMZN2019-2022/AMZN_20220306_123144.csv,1776955146183773521,8162595
external/financial-sentiment-analysis-spring-2026/data/kaggle/stocktwits-2020-2022-raw/StockTwits_2020_2022_Raw/AMZN2019-2022/AMZN_20220306_124717.csv,1776955146206806418,8258106
external/financial-sentiment-analysis-spring-2026/data/kaggle/stocktwits-2020-2022-raw/StockTwits_2020_2022_Raw/AMZN2019-2022/AMZN_20220306_130312.csv,1776955146230763944,8154165
external/financial-sentiment-analysis-spring-2026/data/kaggle/stocktwits-2020-2022-raw/StockTwits_2020_2022_Raw/AMZN2019-2022/AMZN_20220306_131849.csv,1776955146271528932,8430230
external/financial-sentiment-analysis-spring-2026/data/kaggle/stocktwits-2020-2022-raw/StockTwits_2020_2022_Raw/AMZN2019-2022/AMZN_20220306_133427.csv,1776955146307144407,8357237
external/financial-sentiment-analysis-spring-2026/data/kaggle/stocktwits-2020-2022-raw/StockTwits_2020_2022_Raw/AMZN2019-2022/AMZN_20220306_134957.csv,1776955146329533011,8745095
external/financial-sentiment-analysis-spring-2026/data/kaggle/stocktwits-2020-2022-raw/StockTwits_2020_2022_Raw/AMZN2019-2022/AMZN_20220306_140537.csv,1776955146342434089,8149731
external/financial-sentiment-analysis-spring-2026/data/kaggle/stocktwits-2020-2022-raw/StockTwits_2020_2022_Raw/AMZN2019-2022/AMZN_20220306_142109.csv,1776955146362791687,8307201
external/financial-sentiment-analysis-spring-2026/data/kaggle/stocktwits-2020-2022-raw/StockTwits_2020_2022_Raw/AMZN2019-2022/AMZN_20220306_143627.csv,1776955146400482293,8121064
external/financial-sentiment-analysis-spring-2026/data/kaggle/stocktwits-2020-2022-raw/StockTwits_2020_2022_Raw/AMZN2019-2022/AMZN_20220306_145157.csv,1776955146423000314,8648388
external/financial-sentiment-analysis-spring-2026/data/kaggle/stocktwits-2020-2022-raw/StockTwits_2020_2022_Raw/AMZN2019-2022/AMZN_20220306_150758.csv,1776955146457617077,8600175
external/financial-sentiment-analysis-spring-2026/data/kaggle/stocktwits-2020-2022-raw/StockTwits_2020_2022_Raw/AMZN2019-2022/AMZN_20220306_152348.csv,1776955146487180285,8404251
external/financial-sentiment-analysis-spring-2026/data/kaggle/stocktwits-2020-2022-raw/StockTwits_2020_2022_Raw/AMZN2019-2022/AMZN_20220306_153920.csv,1776955146531696242,9318000
external/financial-sentiment-analysis-spring-2026/data/kaggle/stocktwits-2020-2022-raw/StockTwits_2020_2022_Raw/AMZN2019-2022/AMZN_20220306_155520.csv,1776955146551361131,8764335
external/financial-sentiment-analysis-spring-2026/data/kaggle/stocktwits-2020-2022-raw/StockTwits_2020_2022_Raw/AMZN2019-2022/AMZN_20220306_161059.csv,1776955146571610229,8967405
external/financial-sentiment-analysis-spring-2026/data/kaggle/stocktwits-2020-2022-raw/StockTwits_2020_2022_Raw/AMZN2019-2022/AMZN_20220306_162641.csv,1776955146592864038,8719401
external/financial-sentiment-analysis-spring-2026/data/kaggle/stocktwits-2020-2022-raw/StockTwits_2020_2022_Raw/AMZN2019-2022/AMZN_20220307_133456.csv,1776955146612186676,8422054
external/financial-sentiment-analysis-spring-2026/data/kaggle/stocktwits-2020-2022-raw/StockTwits_2020_2022_Raw/AMZN2019-2022/AMZN_20220307_135340.csv,1776955146639307376,8673190
external/financial-sentiment-analysis-spring-2026/data/kaggle/stocktwits-2020-2022-raw/StockTwits_2020_2022_Raw/AMZN2019-2022/AMZN_20220307_141410.csv,1776955146657872678,8649117
external/financial-sentiment-analysis-spring-2026/data/kaggle/stocktwits-2020-2022-raw/StockTwits_2020_2022_Raw/AMZN2019-2022/AMZN_20220307_143503.csv,1776955146674981226,8586555
external/financial-sentiment-analysis-spring-2026/data/kaggle/stocktwits-2020-2022-raw/StockTwits_2020_2022_Raw/AMZN2019-2022/AMZN_20220307_145537.csv,1776955146701595217,9654532
external/financial-sentiment-analysis-spring-2026/data/kaggle/stocktwits-2020-2022-raw/StockTwits_2020_2022_Raw/AMZN2019-2022/AMZN_20220307_151840.csv,1776955146719440684,9202576
external/financial-sentiment-analysis-spring-2026/data/kaggle/stocktwits-2020-2022-raw/StockTwits_2020_2022_Raw/AMZN2019-2022/AMZN_20220307_154042.csv,1776955146741013327,9344600
external/financial-sentiment-analysis-spring-2026/data/kaggle/stocktwits-2020-2022-raw/StockTwits_2020_2022_Raw/AMZN2019-2022/AMZN_20220307_155944.csv,1776955146757135831,9241439
external/financial-sentiment-analysis-spring-2026/data/kaggle/stocktwits-2020-2022-raw/StockTwits_2020_2022_Raw/AMZN2019-2022/AMZN_20220307_161816.csv,1776955146774789297,7828812
external/financial-sentiment-analysis-spring-2026/data/kaggle/stocktwits-2020-2022-raw/StockTwits_2020_2022_Raw/AMZN2019-2022/AMZN_20220307_163554.csv,1776955146793930308,8724383
external/financial-sentiment-analysis-spring-2026/data/kaggle/stocktwits-2020-2022-raw/StockTwits_2020_2022_Raw/AMZN2019-2022/AMZN_20220307_165535.csv,1776955146829964201,8729311
external/financial-sentiment-analysis-spring-2026/data/kaggle/stocktwits-2020-2022-raw/StockTwits_2020_2022_Raw/AMZN2019-2022/AMZN_20220307_171254.csv,1776955146868798851,9857301
external/financial-sentiment-analysis-spring-2026/data/kaggle/stocktwits-2020-2022-raw/StockTwits_2020_2022_Raw/AMZN2019-2022/AMZN_20220307_173243.csv,1776955146887366111,8875341
external/financial-sentiment-analysis-spring-2026/data/kaggle/stocktwits-2020-2022-raw/StockTwits_2020_2022_Raw/AMZN2019-2022/AMZN_20220307_175217.csv,1776955146907241500,9521861
external/financial-sentiment-analysis-spring-2026/data/kaggle/stocktwits-2020-2022-raw/StockTwits_2020_2022_Raw/AMZN2019-2022/AMZN_20220307_181051.csv,1776955146924639632,8741989
external/financial-sentiment-analysis-spring-2026/data/kaggle/stocktwits-2020-2022-raw/StockTwits_2020_2022_Raw/AMZN2019-2022/AMZN_20220307_182820.csv,1776955146936671374,8134885
external/financial-sentiment-analysis-spring-2026/data/kaggle/stocktwits-2020-2022-raw/StockTwits_2020_2022_Raw/AMZN2019-2022/AMZN_20220307_184713.csv,1776955146955136675,7592008
external/financial-sentiment-analysis-spring-2026/data/kaggle/stocktwits-2020-2022-raw/StockTwits_2020_2022_Raw/AMZN2019-2022/AMZN_20220307_190233.csv,1776955146972469474,8237550
external/financial-sentiment-analysis-spring-2026/data/kaggle/stocktwits-2020-2022-raw/StockTwits_2020_2022_Raw/AMZN2019-2022/AMZN_20220307_191857.csv,1776955146988268726,7960323
external/financial-sentiment-analysis-spring-2026/data/kaggle/stocktwits-2020-2022-raw/StockTwits_2020_2022_Raw/AMZN2019-2022/AMZN_20220307_193417.csv,1776955147003449602,8330485
external/financial-sentiment-analysis-spring-2026/data/kaggle/stocktwits-2020-2022-raw/StockTwits_2020_2022_Raw/AMZN2019-2022/AMZN_20220307_195019.csv,1776955147020595275,8384892
external/financial-sentiment-analysis-spring-2026/data/kaggle/stocktwits-2020-2022-raw/StockTwits_2020_2022_Raw/AMZN2019-2022/AMZN_20220307_200612.csv,1776955147037527739,8251596
external/financial-sentiment-analysis-spring-2026/data/kaggle/stocktwits-2020-2022-raw/StockTwits_2020_2022_Raw/AMZN2019-2022/AMZN_20220307_202246.csv,1776955147068531950,8562548
external/financial-sentiment-analysis-spring-2026/data/kaggle/stocktwits-2020-2022-raw/StockTwits_2020_2022_Raw/AMZN2019-2022/AMZN_20220307_204244.csv,1776955147103386298,8463530
external/financial-sentiment-analysis-spring-2026/data/kaggle/stocktwits-2020-2022-raw/StockTwits_2020_2022_Raw/AMZN2019-2022/AMZN_20220307_210047.csv,1776955147113067783,7701813
external/financial-sentiment-analysis-spring-2026/data/kaggle/stocktwits-2020-2022-raw/StockTwits_2020_2022_Raw/AMZN2019-2022/AMZN_20220307_211652.csv,1776955147135886888,8329358
external/financial-sentiment-analysis-spring-2026/data/kaggle/stocktwits-2020-2022-raw/StockTwits_2020_2022_Raw/AMZN2019-2022/AMZN_20220307_213233.csv,1776955147173464243,8382312
external/financial-sentiment-analysis-spring-2026/data/kaggle/stocktwits-2020-2022-raw/StockTwits_2020_2022_Raw/AMZN2019-2022/AMZN_20220307_214748.csv,1776955147215208235,8719995
external/financial-sentiment-analysis-spring-2026/data/kaggle/stocktwits-2020-2022-raw/StockTwits_2020_2022_Raw/AMZN2019-2022/AMZN_20220307_220346.csv,1776955147239998762,8111111
external/financial-sentiment-analysis-spring-2026/data/kaggle/stocktwits-2020-2022-raw/StockTwits_2020_2022_Raw/AMZN2019-2022/AMZN_20220307_221912.csv,1776955147261728448,7591417
external/financial-sentiment-analysis-spring-2026/data/kaggle/stocktwits-2020-2022-raw/StockTwits_2020_2022_Raw/NVDA_2013_2022/NVDA_20220228_145609.csv,1776955148383266288,17518013
external/financial-sentiment-analysis-spring-2026/data/kaggle/stocktwits-2020-2022-raw/StockTwits_2020_2022_Raw/NVDA_2013_2022/NVDA_20220228_154429.csv,1776955148417359716,18929641
external/financial-sentiment-analysis-spring-2026/data/kaggle/stocktwits-2020-2022-raw/StockTwits_2020_2022_Raw/NVDA_2013_2022/NVDA_20220228_163301.csv,1776955148455136280,18965004
external/financial-sentiment-analysis-spring-2026/data/kaggle/stocktwits-2020-2022-raw/StockTwits_2020_2022_Raw/NVDA_2013_2022/NVDA_20220228_172140.csv,1776955148492026966,18646779
external/financial-sentiment-analysis-spring-2026/data/kaggle/stocktwits-2020-2022-raw/StockTwits_2020_2022_Raw/NVDA_2013_2022/NVDA_20220228_181005.csv,1776955148524013347,18373903
external/financial-sentiment-analysis-spring-2026/data/kaggle/stocktwits-2020-2022-raw/StockTwits_2020_2022_Raw/NVDA_2013_2022/NVDA_20220228_185852.csv,1776955148565762005,18549524
external/financial-sentiment-analysis-spring-2026/data/kaggle/stocktwits-2020-2022-raw/StockTwits_2020_2022_Raw/NVDA_2013_2022/NVDA_20220228_195029.csv,1776955148614419558,20453107
external/financial-sentiment-analysis-spring-2026/data/kaggle/stocktwits-2020-2022-raw/StockTwits_2020_2022_Raw/NVDA_2013_2022/NVDA_20220228_204024.csv,1776955148657394219,19319605
external/financial-sentiment-analysis-spring-2026/data/kaggle/stocktwits-2020-2022-raw/StockTwits_2020_2022_Raw/NVDA_2013_2022/NVDA_20220228_212943.csv,1776955148697757999,19132706
external/financial-sentiment-analysis-spring-2026/data/kaggle/stocktwits-2020-2022-raw/StockTwits_2020_2022_Raw/NVDA_2013_2022/NVDA_20220228_222204.csv,1776955148741839914,19643059
external/financial-sentiment-analysis-spring-2026/data/kaggle/stocktwits-2020-2022-raw/StockTwits_2020_2022_Raw/NVDA_2013_2022/NVDA_20220228_231603.csv,1776955148799625783,20579097
external/financial-sentiment-analysis-spring-2026/data/kaggle/stocktwits-2020-2022-raw/StockTwits_2020_2022_Raw/NVDA_2013_2022/NVDA_20220301_000845.csv,1776955148844833076,20365106
external/financial-sentiment-analysis-spring-2026/data/kaggle/stocktwits-2020-2022-raw/StockTwits_2020_2022_Raw/NVDA_2013_2022/NVDA_20220301_010100.csv,1776955148891440081,20870053
external/financial-sentiment-analysis-spring-2026/data/kaggle/stocktwits-2020-2022-raw/StockTwits_2020_2022_Raw/NVDA_2013_2022/NVDA_20220301_015345.csv,1776955148930735066,20530219
external/financial-sentiment-analysis-spring-2026/data/kaggle/stocktwits-2020-2022-raw/StockTwits_2020_2022_Raw/NVDA_2013_2022/NVDA_20220301_024530.csv,1776955148975454607,20981261
external/financial-sentiment-analysis-spring-2026/data/kaggle/stocktwits-2020-2022-raw/StockTwits_2020_2022_Raw/NVDA_2013_2022/NVDA_20220301_033721.csv,1776955149020061898,20404461
external/financial-sentiment-analysis-spring-2026/data/kaggle/stocktwits-2020-2022-raw/StockTwits_2020_2022_Raw/NVDA_2013_2022/NVDA_20220301_043047.csv,1776955149092686643,21764783
external/financial-sentiment-analysis-spring-2026/data/kaggle/stocktwits-2020-2022-raw/StockTwits_2020_2022_Raw/NVDA_2013_2022/NVDA_20220301_052435.csv,1776955149134060467,20242660
external/financial-sentiment-analysis-spring-2026/data/kaggle/stocktwits-2020-2022-raw/StockTwits_2020_2022_Raw/NVDA_2013_2022/NVDA_20220301_061533.csv,1776955149172934367,18818285
external/financial-sentiment-analysis-spring-2026/data/kaggle/stocktwits-2020-2022-raw/StockTwits_2020_2022_Raw/NVDA_2013_2022/NVDA_20220301_070735.csv,1776955149212537852,21048073
external/financial-sentiment-analysis-spring-2026/data/kaggle/stocktwits-2020-2022-raw/StockTwits_2020_2022_Raw/NVDA_2013_2022/NVDA_20220301_080159.csv,1776955149251083126,19466517
external/financial-sentiment-analysis-spring-2026/data/kaggle/stocktwits-2020-2022-raw/StockTwits_2020_2022_Raw/NVDA_2013_2022/NVDA_20220301_085431.csv,1776955149282042588,19956439
external/financial-sentiment-analysis-spring-2026/data/kaggle/stocktwits-2020-2022-raw/StockTwits_2020_2022_Raw/NVDA_2013_2022/NVDA_20220301_094812.csv,1776955149313224341,19391154
external/financial-sentiment-analysis-spring-2026/data/kaggle/stocktwits-2020-2022-raw/StockTwits_2020_2022_Raw/NVDA_2013_2022/NVDA_20220301_144838.csv,1776955149356881547,21096316
external/financial-sentiment-analysis-spring-2026/data/kaggle/stocktwits-2020-2022-raw/StockTwits_2020_2022_Raw/NVDA_2013_2022/NVDA_20220301_162333.csv,1776955149396781075,21024350
external/financial-sentiment-analysis-spring-2026/data/kaggle/stocktwits-2020-2022-raw/StockTwits_2020_2022_Raw/NVDA_2013_2022/NVDA_20220301_180042.csv,1776955149430166876,18462796
external/financial-sentiment-analysis-spring-2026/data/kaggle/stocktwits-2020-2022-raw/StockTwits_2020_2022_Raw/NVDA_2013_2022/NVDA_20220301_193630.csv,1776955149461868340,21508176
external/financial-sentiment-analysis-spring-2026/data/kaggle/stocktwits-2020-2022-raw/StockTwits_2020_2022_Raw/NVDA_2013_2022/NVDA_20220301_211459.csv,1776955149503002913,20364848
external/financial-sentiment-analysis-spring-2026/data/kaggle/stocktwits-2020-2022-raw/StockTwits_2020_2022_Raw/NVDA_2013_2022/NVDA_20220301_225033.csv,1776955149541561104,20913221
external/financial-sentiment-analysis-spring-2026/data/kaggle/stocktwits-2020-2022-raw/StockTwits_2020_2022_Raw/NVDA_2013_2022/NVDA_20220302_002416.csv,1776955149574076611,17093921
external/financial-sentiment-analysis-spring-2026/data/kaggle/stocktwits-2020-2022-raw/StockTwits_2020_2022_Raw/NVDA_2013_2022/NVDA_20220302_015647.csv,1776955149604163903,17621344
external/financial-sentiment-analysis-spring-2026/data/kaggle/stocktwits-2020-2022-raw/StockTwits_2020_2022_Raw/NVDA_2013_2022/NVDA_20220302_032907.csv,1776955149634687072,16995891
external/financial-sentiment-analysis-spring-2026/data/kaggle/stocktwits-2020-2022-raw/StockTwits_2020_2022_Raw/NVDA_2013_2022/NVDA_20220302_050254.csv,1776955149663709528,17017085
external/financial-sentiment-analysis-spring-2026/data/kaggle/stocktwits-2020-2022-raw/StockTwits_2020_2022_Raw/NVDA_2013_2022/NVDA_20220302_063616.csv,1776955149700898382,17808758
external/financial-sentiment-analysis-spring-2026/data/kaggle/stocktwits-2020-2022-raw/StockTwits_2020_2022_Raw/NVDA_2013_2022/NVDA_20220302_080938.csv,1776955149728276333,16824097
external/financial-sentiment-analysis-spring-2026/data/kaggle/stocktwits-2020-2022-raw/StockTwits_2020_2022_Raw/NVDA_2013_2022/NVDA_20220302_094248.csv,1776955149759641379,17184674
external/financial-sentiment-analysis-spring-2026/data/kaggle/stocktwits-2020-2022-raw/StockTwits_2020_2022_Raw/NVDA_2013_2022/NVDA_20220302_111620.csv,1776955149791317342,17185637
external/financial-sentiment-analysis-spring-2026/data/kaggle/stocktwits-2020-2022-raw/StockTwits_2020_2022_Raw/NVDA_2013_2022/NVDA_20220302_125010.csv,1776955149825684063,19210489
external/financial-sentiment-analysis-spring-2026/data/kaggle/stocktwits-2020-2022-raw/StockTwits_2020_2022_Raw/NVDA_2013_2022/NVDA_20220302_142600.csv,1776955149914699978,22510714
external/financial-sentiment-analysis-spring-2026/data/kaggle/stocktwits-2020-2022-raw/StockTwits_2020_2022_Raw/TSLA_2020_2022/TSLA_20220301_015820.csv,1776955149959716687,18452729
external/financial-sentiment-analysis-spring-2026/data/kaggle/stocktwits-2020-2022-raw/StockTwits_2020_2022_Raw/TSLA_2020_2022/TSLA_20220301_024713.csv,1776955150000594843,19672352
external/financial-sentiment-analysis-spring-2026/data/kaggle/stocktwits-2020-2022-raw/StockTwits_2020_2022_Raw/TSLA_2020_2022/TSLA_20220301_033626.csv,1776955150039753785,19811299
external/financial-sentiment-analysis-spring-2026/data/kaggle/stocktwits-2020-2022-raw/StockTwits_2020_2022_Raw/TSLA_2020_2022/TSLA_20220301_042757.csv,1776955150078348435,18738546
external/financial-sentiment-analysis-spring-2026/data/kaggle/stocktwits-2020-2022-raw/StockTwits_2020_2022_Raw/TSLA_2020_2022/TSLA_20220301_052106.csv,1776955150111831278,17030580
external/financial-sentiment-analysis-spring-2026/data/kaggle/stocktwits-2020-2022-raw/StockTwits_2020_2022_Raw/TSLA_2020_2022/TSLA_20220301_061307.csv,1776955150146468041,16859833
external/financial-sentiment-analysis-spring-2026/data/kaggle/stocktwits-2020-2022-raw/StockTwits_2020_2022_Raw/TSLA_2020_2022/TSLA_20220301_070410.csv,1776955150182525517,18228180
external/financial-sentiment-analysis-spring-2026/data/kaggle/stocktwits-2020-2022-raw/StockTwits_2020_2022_Raw/TSLA_2020_2022/TSLA_20220301_075529.csv,1776955150216742862,17998942
external/financial-sentiment-analysis-spring-2026/data/kaggle/stocktwits-2020-2022-raw/StockTwits_2020_2022_Raw/TSLA_2020_2022/TSLA_20220301_084403.csv,1776955150259977525,18311639
external/financial-sentiment-analysis-spring-2026/data/kaggle/stocktwits-2020-2022-raw/StockTwits_2020_2022_Raw/TSLA_2020_2022/TSLA_20220301_093255.csv,1776955150295497291,17666693
external/financial-sentiment-analysis-spring-2026/data/kaggle/stocktwits-2020-2022-raw/StockTwits_2020_2022_Raw/TSLA_2020_2022/TSLA_20220301_102219.csv,1776955150320831278,17914880
external/financial-sentiment-analysis-spring-2026/data/kaggle/stocktwits-2020-2022-raw/StockTwits_2020_2022_Raw/TSLA_2020_2022/TSLA_20220301_111030.csv,1776955150357692006,17840471
external/financial-sentiment-analysis-spring-2026/data/kaggle/stocktwits-2020-2022-raw/StockTwits_2020_2022_Raw/TSLA_2020_2022/TSLA_20220301_115836.csv,1776955150398560745,18324285
external/financial-sentiment-analysis-spring-2026/data/kaggle/stocktwits-2020-2022-raw/StockTwits_2020_2022_Raw/TSLA_2020_2022/TSLA_20220301_124624.csv,1776955150425718904,18198548
external/financial-sentiment-analysis-spring-2026/data/kaggle/stocktwits-2020-2022-raw/StockTwits_2020_2022_Raw/TSLA_2020_2022/TSLA_20220301_133407.csv,1776955150453824024,18574976
external/financial-sentiment-analysis-spring-2026/data/kaggle/stocktwits-2020-2022-raw/StockTwits_2020_2022_Raw/TSLA_2020_2022/TSLA_20220301_142147.csv,1776955150490269917,18854988
external/financial-sentiment-analysis-spring-2026/data/kaggle/stocktwits-2020-2022-raw/StockTwits_2020_2022_Raw/TSLA_2020_2022/TSLA_20220301_151121.csv,1776955150536935422,19489254
external/financial-sentiment-analysis-spring-2026/data/kaggle/stocktwits-2020-2022-raw/StockTwits_2020_2022_Raw/TSLA_2020_2022/TSLA_20220301_155907.csv,1776955150569423763,18874913
external/financial-sentiment-analysis-spring-2026/data/kaggle/stocktwits-2020-2022-raw/StockTwits_2020_2022_Raw/TSLA_2020_2022/TSLA_20220301_164644.csv,1776955150598941220,18070500
external/financial-sentiment-analysis-spring-2026/data/kaggle/stocktwits-2020-2022-raw/StockTwits_2020_2022_Raw/TSLA_2020_2022/TSLA_20220301_173413.csv,1776955150628845762,18634623
external/financial-sentiment-analysis-spring-2026/data/kaggle/stocktwits-2020-2022-raw/StockTwits_2020_2022_Raw/TSLA_2020_2022/TSLA_20220301_182201.csv,1776955150656588381,16626933
external/financial-sentiment-analysis-spring-2026/data/kaggle/stocktwits-2020-2022-raw/StockTwits_2020_2022_Raw/TSLA_2020_2022/TSLA_20220301_191000.csv,1776955150689658598,18206859
external/financial-sentiment-analysis-spring-2026/data/kaggle/stocktwits-2020-2022-raw/StockTwits_2020_2022_Raw/TSLA_2020_2022/TSLA_20220301_195800.csv,1776955150721155228,18823379
external/financial-sentiment-analysis-spring-2026/data/kaggle/stocktwits-2020-2022-raw/StockTwits_2020_2022_Raw/TSLA_2020_2022/TSLA_20220301_204611.csv,1776955150752402648,17043175
external/financial-sentiment-analysis-spring-2026/data/kaggle/stocktwits-2020-2022-raw/StockTwits_2020_2022_Raw/TSLA_2020_2022/TSLA_20220301_213403.csv,1776955150786060826,18761702
external/financial-sentiment-analysis-spring-2026/data/kaggle/stocktwits-2020-2022-raw/StockTwits_2020_2022_Raw/TSLA_2020_2022/TSLA_20220301_222202.csv,1776955150811318604,17620126
external/financial-sentiment-analysis-spring-2026/data/kaggle/stocktwits-2020-2022-raw/StockTwits_2020_2022_Raw/TSLA_2020_2022/TSLA_20220301_230947.csv,1776955150840497686,17725284
external/financial-sentiment-analysis-spring-2026/data/kaggle/stocktwits-2020-2022-raw/StockTwits_2020_2022_Raw/TSLA_2020_2022/TSLA_20220301_235723.csv,1776955150873522528,18511568
external/financial-sentiment-analysis-spring-2026/data/kaggle/stocktwits-2020-2022-raw/StockTwits_2020_2022_Raw/TSLA_2020_2022/TSLA_20220302_004453.csv,1776955150918528028,19718813
external/financial-sentiment-analysis-spring-2026/data/kaggle/stocktwits-2020-2022-raw/StockTwits_2020_2022_Raw/TSLA_2020_2022/TSLA_20220302_013310.csv,1776955150955631549,20076105
external/financial-sentiment-analysis-spring-2026/data/kaggle/stocktwits-2020-2022-raw/StockTwits_2020_2022_Raw/TSLA_2020_2022/TSLA_20220302_022147.csv,1776955150990758188,19797286
external/financial-sentiment-analysis-spring-2026/data/kaggle/stocktwits-2020-2022-raw/StockTwits_2020_2022_Raw/TSLA_2020_2022/TSLA_20220302_031023.csv,1776955151020730189,20700621
external/financial-sentiment-analysis-spring-2026/data/kaggle/stocktwits-2020-2022-raw/StockTwits_2020_2022_Raw/TSLA_2020_2022/TSLA_20220302_035916.csv,1776955151051429066,20165650
external/financial-sentiment-analysis-spring-2026/data/kaggle/stocktwits-2020-2022-raw/StockTwits_2020_2022_Raw/TSLA_2020_2022/TSLA_20220302_044759.csv,1776955151085466744,19616559
external/financial-sentiment-analysis-spring-2026/data/kaggle/stocktwits-2020-2022-raw/StockTwits_2020_2022_Raw/TSLA_2020_2022/TSLA_20220302_053659.csv,1776955151122464139,20144815
external/financial-sentiment-analysis-spring-2026/data/kaggle/stocktwits-2020-2022-raw/StockTwits_2020_2022_Raw/TSLA_2020_2022/TSLA_20220302_062632.csv,1776955151158764740,19057604
external/financial-sentiment-analysis-spring-2026/data/kaggle/stocktwits-2020-2022-raw/StockTwits_2020_2022_Raw/TSLA_2020_2022/TSLA_20220302_071538.csv,1776955151193236836,19583073
external/financial-sentiment-analysis-spring-2026/data/kaggle/stocktwits-2020-2022-raw/StockTwits_2020_2022_Raw/TSLA_2020_2022/TSLA_20220302_080507.csv,1776955151229969355,20215489
external/financial-sentiment-analysis-spring-2026/data/kaggle/stocktwits-2020-2022-raw/StockTwits_2020_2022_Raw/TSLA_2020_2022/TSLA_20220302_085529.csv,1776955151272121848,20035839
external/financial-sentiment-analysis-spring-2026/data/kaggle/stocktwits-2020-2022-raw/StockTwits_2020_2022_Raw/TSLA_2020_2022/TSLA_20220302_094422.csv,1776955151304537063,19685819
external/financial-sentiment-analysis-spring-2026/data/kaggle/stocktwits-2020-2022-raw/StockTwits_2020_2022_Raw/TSLA_2020_2022/TSLA_20220302_103229.csv,1776955151340827623,20240477
external/financial-sentiment-analysis-spring-2026/data/kaggle/stocktwits-2020-2022-raw/StockTwits_2020_2022_Raw/TSLA_2020_2022/TSLA_20220302_112033.csv,1776955151374566717,19725178
external/financial-sentiment-analysis-spring-2026/data/kaggle/stocktwits-2020-2022-raw/StockTwits_2020_2022_Raw/TSLA_2020_2022/TSLA_20220302_120836.csv,1776955151410016316,19671166
external/financial-sentiment-analysis-spring-2026/data/kaggle/stocktwits-2020-2022-raw/StockTwits_2020_2022_Raw/TSLA_2020_2022/TSLA_20220302_125623.csv,1776955151443219075,19303579
external/financial-sentiment-analysis-spring-2026/data/kaggle/stocktwits-2020-2022-raw/StockTwits_2020_2022_Raw/TSLA_2020_2022/TSLA_20220302_134405.csv,1776955151479609343,18523211
external/financial-sentiment-analysis-spring-2026/data/kaggle/stocktwits-2020-2022-raw/StockTwits_2020_2022_Raw/TSLA_2020_2022/TSLA_20220302_143157.csv,1776955151515850486,18818259
external/financial-sentiment-analysis-spring-2026/data/kaggle/stocktwits-2020-2022-raw/StockTwits_2020_2022_Raw/TSLA_2020_2022/TSLA_20220302_152356.csv,1776955151558369605,18234550
external/financial-sentiment-analysis-spring-2026/data/kaggle/stocktwits-2020-2022-raw/StockTwits_2020_2022_Raw/TSLA_2020_2022/TSLA_20220302_161820.csv,1776955151595875084,18751464
external/financial-sentiment-analysis-spring-2026/data/kaggle/stocktwits-2020-2022-raw/StockTwits_2020_2022_Raw/TSLA_2020_2022/TSLA_20220302_171256.csv,1776955151629327219,19132225
external/financial-sentiment-analysis-spring-2026/data/kaggle/stocktwits-2020-2022-raw/StockTwits_2020_2022_Raw/TSLA_2020_2022/TSLA_20220305_164410.csv,1776955151662979646,17789723
external/financial-sentiment-analysis-spring-2026/data/kaggle/stocktwits-2020-2022-raw/StockTwits_2020_2022_Raw/TSLA_2020_2022/TSLA_20220305_173759.csv,1776955151695529112,19108386
external/financial-sentiment-analysis-spring-2026/data/kaggle/stocktwits-2020-2022-raw/StockTwits_2020_2022_Raw/TSLA_2020_2022/TSLA_20220305_183140.csv,1776955151724231942,19045068
external/financial-sentiment-analysis-spring-2026/data/kaggle/stocktwits-2020-2022-raw/StockTwits_2020_2022_Raw/TSLA_2020_2022/TSLA_20220305_192526.csv,1776955151755513696,18788145
external/financial-sentiment-analysis-spring-2026/data/kaggle/stocktwits-2020-2022-raw/StockTwits_2020_2022_Raw/TSLA_2020_2022/TSLA_20220305_201948.csv,1776955151784415402,19550941
external/financial-sentiment-analysis-spring-2026/data/kaggle/stocktwits-2020-2022-raw/StockTwits_2020_2022_Raw/TSLA_2020_2022/TSLA_20220305_211433.csv,1776955151817384660,19156329
external/financial-sentiment-analysis-spring-2026/data/kaggle/stocktwits-2020-2022-raw/StockTwits_2020_2022_Raw/TSLA_2020_2022/TSLA_20220305_220908.csv,1776955151859013401,19158592
external/financial-sentiment-analysis-spring-2026/data/kaggle/stocktwits-2020-2022-raw/StockTwits_2020_2022_Raw/TSLA_2020_2022/TSLA_20220305_230255.csv,1776955151888431192,19483681
external/financial-sentiment-analysis-spring-2026/data/kaggle/stocktwits-2020-2022-raw/StockTwits_2020_2022_Raw/TSLA_2020_2022/TSLA_20220305_235640.csv,1776955151922084119,19541352
external/financial-sentiment-analysis-spring-2026/data/kaggle/stocktwits-2020-2022-raw/StockTwits_2020_2022_Raw/TSLA_2020_2022/TSLA_20220306_005021.csv,1776955151958682971,18454044
external/financial-sentiment-analysis-spring-2026/data/kaggle/stocktwits-2020-2022-raw/StockTwits_2020_2022_Raw/TSLA_2020_2022/TSLA_20220306_014246.csv,1776955151993346026,19080719
external/financial-sentiment-analysis-spring-2026/data/kaggle/stocktwits-2020-2022-raw/StockTwits_2020_2022_Raw/TSLA_2020_2022/TSLA_20220306_023605.csv,1776955152026501952,17999244
external/financial-sentiment-analysis-spring-2026/data/kaggle/stocktwits-2020-2022-raw/StockTwits_2020_2022_Raw/TSLA_2020_2022/TSLA_20220306_032900.csv,1776955152063203762,20186533
external/financial-sentiment-analysis-spring-2026/data/kaggle/stocktwits-2020-2022-raw/StockTwits_2020_2022_Raw/TSLA_2020_2022/TSLA_20220306_042338.csv,1776955152102335955,19319017
external/financial-sentiment-analysis-spring-2026/data/kaggle/stocktwits-2020-2022-raw/StockTwits_2020_2022_Raw/TSLA_2020_2022/TSLA_20220306_051747.csv,1776955152137084510,17944620
external/financial-sentiment-analysis-spring-2026/data/kaggle/stocktwits-2020-2022-raw/StockTwits_2020_2022_Raw/TSLA_2020_2022/TSLA_20220306_061031.csv,1776955152207271164,20252815
external/financial-sentiment-analysis-spring-2026/data/kaggle/stocktwits-2020-2022-raw/StockTwits_2020_2022_Raw/TSLA_2020_2022/TSLA_20220306_070423.csv,1776955152256034717,20477639
external/financial-sentiment-analysis-spring-2026/data/kaggle/stocktwits-2020-2022-raw/StockTwits_2020_2022_Raw/TSLA_2020_2022/TSLA_20220306_075904.csv,1776955152297585708,22047375
external/financial-sentiment-analysis-spring-2026/data/kaggle/stocktwits-2020-2022-raw/StockTwits_2020_2022_Raw/TSLA_2020_2022/TSLA_20220306_085451.csv,1776955152337321694,22141938
external/financial-sentiment-analysis-spring-2026/data/kaggle/stocktwits-2020-2022-raw/StockTwits_2020_2022_Raw/TSLA_2020_2022/TSLA_20220306_095250.csv,1776955152372499208,20668672
external/financial-sentiment-analysis-spring-2026/data/kaggle/stocktwits-2020-2022-raw/StockTwits_2020_2022_Raw/TSLA_2020_2022/TSLA_20220306_104732.csv,1776955152415770662,20745221
external/financial-sentiment-analysis-spring-2026/data/kaggle/stocktwits-2020-2022-raw/StockTwits_2020_2022_Raw/TSLA_2020_2022/TSLA_20220306_114214.csv,1776955152452929141,19302905
external/financial-sentiment-analysis-spring-2026/data/kaggle/stocktwits-2020-2022-raw/StockTwits_2020_2022_Raw/TSLA_2020_2022/TSLA_20220306_123553.csv,1776955152483437184,18974576
external/financial-sentiment-analysis-spring-2026/data/kaggle/stocktwits-2020-2022-raw/StockTwits_2020_2022_Raw/TSLA_2020_2022/TSLA_20220306_132931.csv,1776955152515580565,18099047
external/financial-sentiment-analysis-spring-2026/data/kaggle/stocktwits-2020-2022-raw/StockTwits_2020_2022_Raw/TSLA_2020_2022/TSLA_20220306_142311.csv,1776955152552381835,19337790
external/financial-sentiment-analysis-spring-2026/data/kaggle/stocktwits-2020-2022-raw/StockTwits_2020_2022_Raw/TSLA_2020_2022/TSLA_20220306_151805.csv,1776955152580240537,19537011
external/financial-sentiment-analysis-spring-2026/data/kaggle/stocktwits-2020-2022-raw/StockTwits_2020_2022_Raw/TSLA_2020_2022/TSLA_20220306_161300.csv,1776955152606102443,19169587
external/financial-sentiment-analysis-spring-2026/data/kaggle/stocktwits-2020-2022-raw/StockTwits_2020_2022_Raw/TSLA_2020_2022/TSLA_20220306_170819.csv,1776955152632260891,18022485
external/financial-sentiment-analysis-spring-2026/data/kaggle/stocktwits-2020-2022-raw/StockTwits_2020_2022_Raw/TSLA_2020_2022/TSLA_20220306_180210.csv,1776955152666246694,18855708
external/financial-sentiment-analysis-spring-2026/data/kaggle/stocktwits-2020-2022-raw/StockTwits_2020_2022_Raw/TSLA_2020_2022/TSLA_20220306_185637.csv,1776955152700320122,18167714
external/financial-sentiment-analysis-spring-2026/data/kaggle/stocktwits-2020-2022-raw/StockTwits_2020_2022_Raw/TSLA_2020_2022/TSLA_20220306_195004.csv,1776955152731754585,17864605
external/financial-sentiment-analysis-spring-2026/data/kaggle/stocktwits-2020-2022-raw/StockTwits_2020_2022_Raw/TSLA_2020_2022/TSLA_20220306_204430.csv,1776955152768410145,18984450
external/financial-sentiment-analysis-spring-2026/data/kaggle/stocktwits-2020-2022-raw/StockTwits_2020_2022_Raw/TSLA_2020_2022/TSLA_20220306_214222.csv,1776955152799433649,18859557
external/financial-sentiment-analysis-spring-2026/data/kaggle/stocktwits-2020-2022-raw/StockTwits_2020_2022_Raw/TSLA_2020_2022/TSLA_20220306_223812.csv,1776955152830949278,18969832
external/financial-sentiment-analysis-spring-2026/data/kaggle/stocktwits-2020-2022-raw/StockTwits_2020_2022_Raw/TSLA_2020_2022/TSLA_20220306_233154.csv,1776955152858827689,17606622
external/financial-sentiment-analysis-spring-2026/data/kaggle/stocktwits-2020-2022-raw/StockTwits_2020_2022_Raw/TSLA_2020_2022/TSLA_20220307_002507.csv,1776955152900483847,19642808
external/financial-sentiment-analysis-spring-2026/data/kaggle/stocktwits-2020-2022-raw/StockTwits_2020_2022_Raw/TSLA_2020_2022/TSLA_20220307_011840.csv,1776955152939233955,19946308
external/financial-sentiment-analysis-spring-2026/data/kaggle/stocktwits-2020-2022-raw/StockTwits_2020_2022_Raw/TSLA_2020_2022/TSLA_20220307_021234.csv,1776955152974500095,18206691
external/financial-sentiment-analysis-spring-2026/data/kaggle/stocktwits-2020-2022-raw/StockTwits_2020_2022_Raw/TSLA_2020_2022/TSLA_20220307_030540.csv,1776955153011719657,19553516
external/financial-sentiment-analysis-spring-2026/data/kaggle/stocktwits-2020-2022-raw/StockTwits_2020_2022_Raw/TSLA_2020_2022/TSLA_20220307_040001.csv,1776955153046976880,19403654
external/financial-sentiment-analysis-spring-2026/data/kaggle/stocktwits-2020-2022-raw/StockTwits_2020_2022_Raw/TSLA_2020_2022/TSLA_20220307_045544.csv,1776955153074920667,18933257
external/financial-sentiment-analysis-spring-2026/data/kaggle/stocktwits-2020-2022-raw/StockTwits_2020_2022_Raw/TSLA_2020_2022/TSLA_20220307_055030.csv,1776955153109883514,19127732
external/financial-sentiment-analysis-spring-2026/data/kaggle/stocktwits-2020-2022-raw/StockTwits_2020_2022_Raw/TSLA_2020_2022/TSLA_20220307_064652.csv,1776955153141322643,17326013
external/financial-sentiment-analysis-spring-2026/data/kaggle/stocktwits-2020-2022-raw/StockTwits_2020_2022_Raw/TSLA_2020_2022/TSLA_20220307_074048.csv,1776955153166810048,15848035
external/financial-sentiment-analysis-spring-2026/data/kaggle/stocktwits-2020-2022-raw/StockTwits_2020_2022_Raw/TSLA_2020_2022/TSLA_20220307_083451.csv,1776955153196183963,16805704
external/financial-sentiment-analysis-spring-2026/data/kaggle/stocktwits-2020-2022-raw/StockTwits_2020_2022_Raw/TSLA_2020_2022/TSLA_20220307_092934.csv,1776955153227211716,17917293
external/financial-sentiment-analysis-spring-2026/data/kaggle/stocktwits-2020-2022-raw/StockTwits_2020_2022_Raw/TSLA_2020_2022/TSLA_20220307_102542.csv,1776955153256312756,17516511
external/financial-sentiment-analysis-spring-2026/data/kaggle/stocktwits-2020-2022-raw/StockTwits_2020_2022_Raw/TSLA_2020_2022/TSLA_20220307_112107.csv,1776955153284886460,17194196
external/financial-sentiment-analysis-spring-2026/data/kaggle/stocktwits-2020-2022-raw/StockTwits_2020_2022_Raw/TSLA_2020_2022/TSLA_20220307_121515.csv,1776955153318224261,18923537
external/financial-sentiment-analysis-spring-2026/data/kaggle/stocktwits-2020-2022-raw/StockTwits_2020_2022_Raw/TSLA_2020_2022/TSLA_20220307_131252.csv,1776955153349748724,17788760
external/financial-sentiment-analysis-spring-2026/data/kaggle/stocktwits-2020-2022-raw/StockTwits_2020_2022_Raw/TSLA_2020_2022/TSLA_20220307_140831.csv,1776955153378761722,18352756
external/financial-sentiment-analysis-spring-2026/data/kaggle/stocktwits-2020-2022-raw/StockTwits_2020_2022_Raw/TSLA_2020_2022/TSLA_20220307_151007.csv,1776955153403426124,17405278
external/financial-sentiment-analysis-spring-2026/data/kaggle/stocktwits-2020-2022-raw/StockTwits_2020_2022_Raw/TSLA_2020_2022/TSLA_20220307_160914.csv,1776955153431842370,17479057
external/financial-sentiment-analysis-spring-2026/data/kaggle/stocktwits-2020-2022-raw/StockTwits_2020_2022_Raw/TSLA_2020_2022/TSLA_20220307_171139.csv,1776955153459491447,17079555
external/financial-sentiment-analysis-spring-2026/data/kaggle/stocktwits-2020-2022-raw/StockTwits_2020_2022_Raw/TSLA_2020_2022/TSLA_20220307_181743.csv,1776955153491336702,16903595
external/financial-sentiment-analysis-spring-2026/data/kaggle/stocktwits-2020-2022-raw/StockTwits_2020_2022_Raw/TSLA_2020_2022/TSLA_20220307_191408.csv,1776955153522943957,18014005
external/financial-sentiment-analysis-spring-2026/data/kaggle/stocktwits-2020-2022-raw/StockTwits_2020_2022_Raw/TSLA_2020_2022/TSLA_20220307_200907.csv,1776955153572082052,17599453
external/financial-sentiment-analysis-spring-2026/data/kaggle/stocktwits-2020-2022-raw/StockTwits_2020_2022_Raw/TSLA_2020_2022/TSLA_20220307_210857.csv,1776955153615297631,18703935
external/financial-sentiment-analysis-spring-2026/data/kaggle/stocktwits-2020-2022-raw/StockTwits_2020_2022_Raw/TSLA_2020_2022/TSLA_20220307_220428.csv,1776955153640780160,17300908
external/financial-sentiment-analysis-spring-2026/data/kaggle/stocktwits-2020-2022-raw/StockTwits_2020_2022_Raw/TSLA_2020_2022/TSLA_20220307_225749.csv,1776955153679605185,17474433
external/financial-sentiment-analysis-spring-2026/data/kaggle/stocktwits-2020-2022-raw/StockTwits_2020_2022_Raw/TSLA_2020_2022/TSLA_20220307_235046.csv,1776955153712538735,17788599
external/financial-sentiment-analysis-spring-2026/data/kaggle/stocktwits-2020-2022-raw/StockTwits_2020_2022_Raw/TSLA_2020_2022/TSLA_20220308_004352.csv,1776955153760906662,18601705
external/financial-sentiment-analysis-spring-2026/data/kaggle/stocktwits-2020-2022-raw/StockTwits_2020_2022_Raw/TSLA_2020_2022/TSLA_20220308_013757.csv,1776955153811416678,19071788
external/financial-sentiment-analysis-spring-2026/data/kaggle/stocktwits-2020-2022-raw/StockTwits_2020_2022_Raw/TSLA_2020_2022/TSLA_20220308_023242.csv,1776955153858316933,18688291
external/financial-sentiment-analysis-spring-2026/data/kaggle/stocktwits-2020-2022-raw/StockTwits_2020_2022_Raw/TSLA_2020_2022/TSLA_20220308_033129.csv,1776955153902779516,17529190
external/financial-sentiment-analysis-spring-2026/data/kaggle/stocktwits-2020-2022-raw/StockTwits_2020_2022_Raw/TSLA_2020_2022/TSLA_20220308_042714.csv,1776955153947061181,19468828
external/financial-sentiment-analysis-spring-2026/data/kaggle/stocktwits-2020-2022-raw/StockTwits_2020_2022_Raw/TSLA_2020_2022/TSLA_20220308_052614.csv,1776955153982253862,17611045
external/financial-sentiment-analysis-spring-2026/data/kaggle/stocktwits-2020-2022-raw/StockTwits_2020_2022_Raw/TSLA_2020_2022/TSLA_20220308_062251.csv,1776955154022535725,18673074
external/financial-sentiment-analysis-spring-2026/data/kaggle/stocktwits-2020-2022-raw/StockTwits_2020_2022_Raw/TSLA_2020_2022/TSLA_20220308_071807.csv,1776955154060214830,18156252
external/financial-sentiment-analysis-spring-2026/data/kaggle/stocktwits-2020-2022-raw/StockTwits_2020_2022_Raw/TSLA_2020_2022/TSLA_20220308_081129.csv,1776955154095984096,19575484
external/financial-sentiment-analysis-spring-2026/data/kaggle/stocktwits-2020-2022-raw/StockTwits_2020_2022_Raw/TSLA_2020_2022/TSLA_20220308_090511.csv,1776955154131182361,19421548
external/financial-sentiment-analysis-spring-2026/data/kaggle/stocktwits-2020-2022-raw/StockTwits_2020_2022_Raw/TSLA_2020_2022/TSLA_20220308_095826.csv,1776955154163913452,18580143
external/financial-sentiment-analysis-spring-2026/data/kaggle/stocktwits-2020-2022-raw/StockTwits_2020_2022_Raw/TSLA_2020_2022/TSLA_20220308_105108.csv,1776955154203549229,19153520
external/financial-sentiment-analysis-spring-2026/data/kaggle/stocktwits-2020-2022-raw/StockTwits_2020_2022_Raw/TSLA_2020_2022/TSLA_20220308_114422.csv,1776955154233135520,19026539
external/financial-sentiment-analysis-spring-2026/data/kaggle/stocktwits-2020-2022-raw/StockTwits_2020_2022_Raw/TSLA_2020_2022/TSLA_20220308_123819.csv,1776955154265242651,18343572
external/financial-sentiment-analysis-spring-2026/data/kaggle/stocktwits-2020-2022-raw/StockTwits_2020_2022_Raw/TSLA_2020_2022/TSLA_20220308_133155.csv,1776955154295324610,16938358
external/financial-sentiment-analysis-spring-2026/data/kaggle/stocktwits-2020-2022-raw/StockTwits_2020_2022_Raw/TSLA_2020_2022/TSLA_20220310_011039.csv,1776955154322893103,18096878
external/financial-sentiment-analysis-spring-2026/data/kaggle/stocktwits-2020-2022-raw/StockTwits_2020_2022_Raw/TSLA_2020_2022/TSLA_20220310_020346.csv,1776955154366418350,18060222
external/financial-sentiment-analysis-spring-2026/data/kaggle/stocktwits-2020-2022-raw/StockTwits_2020_2022_Raw/TSLA_2020_2022/TSLA_20220310_025649.csv,1776955154413188438,18185269
external/financial-sentiment-analysis-spring-2026/data/kaggle/stocktwits-2020-2022-raw/StockTwits_2020_2022_Raw/TSLA_2020_2022/TSLA_20220310_035001.csv,1776955154455915599,19230234
external/financial-sentiment-analysis-spring-2026/data/kaggle/stocktwits-2020-2022-raw/StockTwits_2020_2022_Raw/TSLA_2020_2022/TSLA_20220310_044326.csv,1776955154494789666,19109514
external/financial-sentiment-analysis-spring-2026/data/kaggle/stocktwits-2020-2022-raw/StockTwits_2020_2022_Raw/TSLA_2020_2022/TSLA_20220310_053658.csv,1776955154530086972,17900434
external/financial-sentiment-analysis-spring-2026/data/kaggle/stocktwits-2020-2022-raw/StockTwits_2020_2022_Raw/TSLA_2020_2022/TSLA_20220310_063003.csv,1776955154563966192,18741341
external/financial-sentiment-analysis-spring-2026/data/kaggle/stocktwits-2020-2022-raw/StockTwits_2020_2022_Raw/TSLA_2020_2022/TSLA_20220310_072336.csv,1776955154600915461,18569601
external/financial-sentiment-analysis-spring-2026/data/kaggle/stocktwits-2020-2022-raw/StockTwits_2020_2022_Raw/TSLA_2020_2022/TSLA_20220310_081714.csv,1776955154635760183,18319013
external/financial-sentiment-analysis-spring-2026/data/kaggle/stocktwits-2020-2022-raw/StockTwits_2020_2022_Raw/TSLA_2020_2022/TSLA_20220310_091010.csv,1776955154669610319,18000477
external/financial-sentiment-analysis-spring-2026/data/kaggle/stocktwits-2020-2022-raw/StockTwits_2020_2022_Raw/TSLA_2020_2022/TSLA_20220310_100236.csv,1776955154703064288,18116100
external/financial-sentiment-analysis-spring-2026/data/kaggle/stocktwits-2020-2022-raw/StockTwits_2020_2022_Raw/TSLA_2020_2022/TSLA_20220310_105505.csv,1776955154728640567,17317603
external/financial-sentiment-analysis-spring-2026/data/kaggle/stocktwits-2020-2022-raw/StockTwits_2020_2022_Raw/TSLA_2020_2022/TSLA_20220310_114716.csv,1776955154756484353,17920989
external/financial-sentiment-analysis-spring-2026/data/kaggle/stocktwits-2020-2022-raw/StockTwits_2020_2022_Raw/TSLA_2020_2022/TSLA_20220310_123942.csv,1776955154780537004,16441911
external/financial-sentiment-analysis-spring-2026/data/kaggle/stocktwits-2020-2022-raw/StockTwits_2020_2022_Raw/TSLA_2020_2022/TSLA_20220310_133146.csv,1776955154808912958,16457984
external/financial-sentiment-analysis-spring-2026/data/kaggle/stocktwits-2020-2022-raw/StockTwits_2020_2022_Raw/TSLA_2020_2022/TSLA_20220310_142419.csv,1776955154836763160,16461291
external/financial-sentiment-analysis-spring-2026/data/kaggle/stocktwits-2020-2022-raw/StockTwits_2020_2022_Raw/TSLA_2020_2022/TSLA_20220310_152006.csv,1776955154878005608,18035670
external/financial-sentiment-analysis-spring-2026/data/kaggle/stocktwits-2020-2022-raw/StockTwits_2020_2022_Raw/TSLA_2020_2022/TSLA_20220310_161349.csv,1776955154921052812,18268845
external/financial-sentiment-analysis-spring-2026/data/kaggle/stocktwits-2020-2022-raw/StockTwits_2020_2022_Raw/TSLA_2020_2022/TSLA_20220310_170704.csv,1776955154961349632,19178771
external/financial-sentiment-analysis-spring-2026/data/kaggle/stocktwits-2020-2022-raw/StockTwits_2020_2022_Raw/TSLA_2020_2022/TSLA_20220310_180039.csv,1776955155000930993,18184366
external/financial-sentiment-analysis-spring-2026/data/kaggle/stocktwits-2020-2022-raw/StockTwits_2020_2022_Raw/TSLA_2020_2022/TSLA_20220310_185315.csv,1776955155038425931,18399060
external/financial-sentiment-analysis-spring-2026/data/kaggle/stocktwits-2020-2022-raw/StockTwits_2020_2022_Raw/TSLA_2020_2022/TSLA_20220310_194608.csv,1776955155083635390,20176112
